zipcode,agi_total,agi_1_lt25,agi_25_lt50,agi_50_lt75,agi_75_lt100,agi_100_lt200,agi_gte200
0,9580270,3350620,2159110,1326500,848060,1312640,583340
10001,15340,3640,2540,2020,1480,2920,2740
10002,42290,20160,8460,5030,2840,3920,1880
10003,28950,4850,3710,3910,3270,6430,6780
10004,2450,300,240,290,210,490,920
10005,5920,660,680,800,690,1420,1670
10006,2470,310,280,340,290,650,600
10007,3640,470,330,310,250,610,1670
10009,32690,9180,6530,5540,3690,5350,2400
10010,17540,2560,2260,2380,2010,4130,4200
10011,30190,4840,3560,3570,3110,7070,8040
10012,12540,2240,1660,1680,1420,2820,2720
10013,15140,4180,2020,1620,1180,2150,3990
10014,18720,2650,2060,2250,2050,4720,4990
10016,32720,4980,4720,5000,4090,7280,6650
10017,12150,1750,1390,1450,1250,2780,3530
10018,6830,1470,1050,860,590,1270,1590
10019,25750,4900,3690,3480,2610,5620,5450
10021,23350,3230,2420,3040,2470,4940,7250
10022,20230,2760,2050,2410,2010,4530,6470
10023,34400,5790,3730,3640,3250,7690,10300
10024,30540,5520,3470,3530,2810,6190,9020
10025,45880,12180,7670,6150,4220,7660,8000
10026,18370,6760,4410,2620,1440,2020,1120
10027,27760,11270,6670,3680,1900,2630,1610
10028,25540,3940,2870,3540,2980,5480,6730
10029,35480,16040,9660,4800,2050,2040,890
10030,13870,6240,3810,1890,900,790,240
10031,29540,13130,8130,4300,1810,1720,450
10032,29450,13660,8030,4100,1700,1580,380
10033,27200,12250,6910,3560,1630,2110,740
10034,20010,8730,4980,2870,1420,1620,390
10035,15420,6810,4050,2090,950,1130,390
10036,18920,4380,3060,2560,2010,3970,2940
10037,10680,3780,2820,1830,1070,1010,170
10038,12560,3380,1970,1680,1150,2400,1980
10039,13420,6090,3670,1850,810,810,190
10040,21620,9580,5450,3040,1500,1620,430
10044,4360,1110,760,660,440,880,510
10065,15920,2280,1920,2140,1620,3280,4680
10069,3050,380,260,250,210,610,1340
10075,14310,2170,1540,1840,1610,3170,3980
10128,33300,5690,4200,4730,3630,6800,8250
10162,750,90,60,50,60,180,310
10280,4240,460,340,440,430,1150,1420
10282,2390,230,130,140,140,370,1380
10301,18300,6360,3970,2720,1670,2650,930
10302,8250,3250,1910,1120,730,1080,160
10303,12430,5200,3070,1790,1040,1220,110
10304,20220,8170,4630,2540,1560,2350,970
10305,19640,6710,4230,2850,2080,3120,650
10306,27370,8170,5250,3950,3060,5440,1500
10307,6620,1820,1020,880,720,1540,640
10308,13800,3690,2370,2080,1640,3240,780
10309,15270,3960,2600,2150,1700,3630,1230
10310,11600,4240,2440,1550,1020,1860,490
10312,29460,7710,5110,4230,3460,6870,2080
10314,41190,12250,8230,5980,4540,8160,2030
10451,23750,11890,6880,3020,1110,780,70
10452,36880,20910,10330,3780,1170,660,30
10453,38520,22690,10580,3500,1050,660,40
10454,15960,9170,4510,1480,430,330,40
10455,18080,9940,5250,1950,600,320,20
10456,40930,23760,11500,3890,1130,630,20
10457,33210,19410,9120,3090,950,600,40
10458,34640,19210,9550,3750,1220,870,40
10459,21610,11790,6360,2250,720,490,0
10460,25850,14270,7450,2590,900,600,40
10461,24470,8470,6270,4160,2400,2780,390
10462,40060,15620,11150,7250,3170,2670,200
10463,34270,12040,7570,5140,3280,4640,1600
10464,2180,540,400,360,270,430,180
10465,19810,5990,4420,3330,2230,3230,610
10466,33180,14190,9820,4550,2290,2170,160
10467,45440,21500,13320,6210,2380,1920,110
10468,36190,19660,9920,4070,1450,1020,70
10469,32780,12760,8900,5120,2660,2960,380
10470,7770,2780,1910,1280,700,920,180
10471,10010,2280,1560,1600,1290,2150,1130
10472,28960,15480,8220,3210,1150,840,60
10473,28490,12350,8100,4120,1980,1800,140
10474,5030,2730,1500,540,180,80,0
10475,23050,7200,6430,4750,2510,2040,120
10501,670,180,80,70,50,140,150
10502,2870,610,300,260,210,660,830
10504,4200,930,380,310,230,640,1710
10505,740,230,130,60,50,130,140
10506,2780,670,260,180,140,460,1070
10507,2690,820,510,330,210,440,380
10509,10030,2920,1750,1270,1000,2150,940
10510,4820,990,460,400,310,990,1670
10511,1170,320,210,170,130,250,90
10512,12600,3250,2250,1780,1380,2930,1010
10514,5420,1180,340,310,260,820,2510
10516,2730,640,420,340,280,650,400
10518,750,180,90,70,60,160,190
10520,6440,1510,900,770,610,1390,1260
10522,5390,1140,740,700,530,1170,1110
10523,4880,1420,1060,710,520,880,290
10524,2080,480,300,250,200,510,340
10526,1000,240,140,110,90,200,220
10527,460,100,50,40,40,110,120
10528,5970,1490,940,730,590,1020,1200
10530,7220,1360,960,1080,860,1820,1140
10532,2590,560,370,360,250,670,380
10533,3750,780,380,380,320,720,1170
10535,400,110,100,60,40,70,20
10536,5120,1210,540,430,320,980,1640
10537,1260,360,280,170,160,240,50
10538,8150,1640,720,700,570,1300,3220
10541,12800,3360,2050,1650,1340,3170,1230
10543,9730,2660,1520,1200,850,1780,1720
10546,700,130,70,70,60,170,200
10547,3710,1040,660,480,390,840,300
10548,1650,430,280,230,180,390,140
10549,8250,2530,1420,890,640,1230,1540
10550,19540,8260,5940,2810,1300,1140,90
10552,11100,2900,2320,1890,1300,1960,730
10553,5940,2050,1620,960,520,690,100
10560,2180,500,310,240,200,470,460
10562,16080,4760,3320,2180,1540,2870,1410
10566,12390,4350,3030,1800,1140,1690,380
10567,9850,2460,1390,1120,1000,2450,1430
10570,6050,1410,700,610,490,1210,1630
10573,19050,6680,4260,2400,1410,2340,1960
10576,2480,550,220,200,170,490,850
10577,1550,390,130,150,80,200,600
10578,440,120,70,50,40,120,40
10579,4370,1000,660,590,440,1150,530
10580,8130,1880,710,650,470,1260,3160
10583,18940,3970,1730,1490,1290,3320,7140
10588,1330,350,200,180,150,320,130
10589,4600,910,530,610,540,1270,740
10590,3180,720,360,330,270,720,780
10591,12030,3460,2450,1540,970,1910,1700
10594,2620,630,370,320,240,610,450
10595,3290,750,450,380,310,820,580
10597,510,130,40,30,30,70,210
10598,14730,3540,1900,1730,1360,3910,2290
10601,6120,1670,1150,910,580,1020,790
10603,9950,2680,1960,1550,1070,1870,820
10604,5730,1690,1090,760,550,900,740
10605,10180,2370,1460,1200,930,2120,2100
10606,8380,2960,1870,1100,630,1130,690
10607,4060,1100,700,540,390,830,500
10701,29360,11960,7610,4000,2290,2870,630
10703,10840,3760,2710,1590,1050,1480,250
10704,17120,4800,3720,3090,1980,2960,570
10705,18750,7850,4930,2560,1320,1630,460
10706,4550,980,510,480,420,970,1190
10707,5220,1210,710,670,540,1210,880
10708,11590,2340,1410,1560,1270,2430,2580
10709,4860,1150,660,610,450,1080,910
10710,14180,3570,2680,2240,1740,3060,890
10801,18720,6720,4140,2480,1730,2610,1040
10803,6130,1380,730,640,440,1100,1840
10804,7070,1440,620,620,500,1490,2400
10805,9250,2740,2030,1550,1100,1450,380
10901,11490,3180,1950,1490,1070,2400,1400
10913,2630,680,330,290,230,650,450
10916,2180,540,360,260,210,580,230
10917,1020,310,180,130,90,210,100
10918,5810,1570,980,810,680,1340,430
10919,610,190,120,70,70,130,30
10920,4560,1200,720,550,490,1140,460
10921,2200,630,370,330,250,500,120
10923,4900,1530,1070,770,500,850,180
10924,6370,1750,1070,860,600,1450,640
10925,2510,710,470,390,320,500,120
10926,1960,540,410,320,240,350,100
10927,6140,2910,1660,680,330,450,110
10928,2260,760,580,350,220,290,60
10930,4390,1190,690,520,450,1120,420
10931,510,170,130,70,60,80,0
10940,24810,8820,6240,3580,2330,3270,570
10941,7210,2220,1720,1160,740,1120,250
10950,17880,6380,3400,2020,1520,3380,1180
10952,12620,5280,2630,1220,820,1560,1110
10954,12520,3470,2280,1650,1340,2750,1030
10956,16060,3970,2150,1720,1450,4060,2710
10958,1620,480,300,220,190,340,90
10960,7800,2210,1480,1070,730,1410,900
10962,2600,650,380,320,280,590,380
10963,1240,380,240,200,130,250,40
10964,760,190,90,80,70,150,180
10965,8020,1960,1150,1040,810,2070,990
10968,1250,230,160,160,150,320,230
10969,620,190,140,80,60,120,30
10970,5350,1500,1080,780,590,1010,390
10973,1130,320,200,160,140,240,70
10974,1590,440,280,250,160,350,110
10975,160,50,40,50,0,20,0
10976,860,310,160,110,70,130,80
10977,24460,10800,6310,2670,1540,2310,830
10980,7110,2010,1240,960,710,1590,600
10983,2980,720,400,330,300,810,420
10984,1330,340,210,180,150,340,110
10985,160,40,40,40,0,40,0
10986,970,260,160,130,90,220,110
10987,1870,620,230,210,150,370,290
10989,5020,1190,770,740,580,1240,500
10990,9930,2720,1580,1230,1020,2350,1030
10992,4800,1300,850,620,540,1170,320
10993,2580,1010,690,380,190,290,20
10994,3830,910,500,440,390,940,650
10996,1160,360,110,150,200,290,50
10998,1600,420,290,200,200,390,100
11001,14090,3830,2360,1830,1490,3160,1420
11003,24370,8060,6270,3920,2410,3240,470
11004,6910,2010,1310,1110,840,1350,290
11005,1470,200,140,170,200,470,290
11010,12830,3370,2380,1950,1450,2950,730
11020,3040,880,420,270,200,510,760
11021,9330,2100,1270,1100,960,1910,1990
11023,4090,1020,500,450,330,800,990
11024,3180,880,450,310,210,520,810
11030,8670,1830,780,680,540,1410,3430
11040,21640,5450,3400,2750,2220,5280,2540
11050,15210,3940,2120,1530,1200,2790,3630
11096,4010,1810,1040,510,300,300,50
11101,20950,5940,3870,3160,2170,3790,2020
11102,19370,6520,4480,3330,2030,2450,560
11103,20860,6800,4970,4110,2180,2320,480
11104,15170,5050,3410,2580,1670,1960,500
11105,19590,6110,4440,3580,2060,2660,740
11106,22030,7350,4970,4020,2270,2820,600
11109,3590,330,310,400,390,1080,1080
11201,33550,5920,4110,4260,3560,7880,7820
11203,38170,15290,11470,5910,2790,2480,230
11204,33780,16290,8160,3660,2030,2710,930
11205,19260,6840,4300,2790,1680,2490,1160
11206,37300,16770,10480,5280,2240,2090,440
11207,44570,21730,13080,5470,2250,1880,160
11208,44930,23050,12990,5220,2020,1560,90
11209,34340,10630,6540,5430,3930,5700,2110
11210,29650,11050,7790,4330,2340,2840,1300
11211,31170,9730,6540,5110,3210,4520,2060
11212,38960,19850,11380,4650,1770,1240,70
11213,30170,13170,8650,4380,1920,1700,350
11214,41290,19350,9930,4980,2890,3440,700
11215,33120,6080,5150,5110,3700,7110,5970
11216,29770,10040,8130,5460,2680,2630,830
11217,20720,4380,3480,3150,2290,4180,3240
11218,33210,12800,7540,4350,2800,4160,1560
11219,33810,19430,7620,2810,1370,1830,750
11220,54260,35090,11070,3900,1780,1950,470
11221,41130,16860,12410,6320,2700,2340,500
11222,22830,5580,4870,4430,2790,3730,1430
11223,33330,15210,7850,3870,2340,2830,1230
11224,20270,9680,5000,2440,1290,1560,300
11225,31110,11250,8880,5370,2560,2420,630
11226,52880,22190,15830,7780,3450,2980,650
11228,19910,8150,4080,2480,1670,2570,960
11229,37000,14450,8290,4960,3190,4630,1480
11230,36130,14890,8550,4570,2740,3660,1720
11231,17460,4260,2910,2330,1630,3360,2970
11232,13090,6170,3240,1670,830,950,230
11233,32850,13950,9710,4880,2050,1860,400
11234,43010,13940,9820,6580,4370,6530,1770
11235,39680,16700,8600,5160,3230,4460,1530
11236,48420,18350,14000,7530,4100,4030,410
11237,23930,10060,7340,3690,1480,1170,190
11238,31680,7500,6420,5820,3650,5290,3000
11239,7470,2850,2250,1370,600,400,0
11354,31560,18410,5890,2930,1730,2090,510
11355,52130,35010,9190,3680,1840,1970,440
11356,12590,5870,3010,1520,900,1090,200
11357,20170,6220,3670,2810,2170,3840,1460
11358,19360,8150,3940,2320,1530,2580,840
11360,10140,2670,1580,1380,1200,2330,980
11361,13970,4810,2830,1880,1390,2320,740
11362,8980,2640,1510,1270,1030,1830,700
11363,3480,990,520,460,350,650,510
11364,17950,5950,3470,2590,1890,3120,930
11365,21610,8560,4700,2930,1910,2840,670
11366,6740,2390,1340,880,620,1090,420
11367,19000,7850,4120,2590,1600,2160,680
11368,48680,26730,13070,5330,2000,1440,110
11369,18230,8700,4780,2360,1140,1110,140
11370,13390,5890,3180,1820,1040,1250,210
11372,35250,15500,8230,4920,2650,3160,790
11373,50920,26320,12770,5990,2870,2580,390
11374,23220,7810,4830,3750,2520,3460,850
11375,35810,8860,5800,5450,4410,7630,3660
11377,46020,20620,11180,6470,3500,3620,630
11378,17840,6670,4080,2610,1680,2340,460
11379,17960,5470,3620,2830,2010,3200,830
11385,49320,19120,12860,7870,4030,4780,660
11411,10820,3500,2860,1800,1190,1310,160
11412,19530,7190,5720,3080,1670,1730,140
11413,21820,7560,5920,3530,2130,2400,280
11414,13420,3670,2730,2260,1620,2530,610
11415,9710,2840,1970,1780,1170,1550,400
11416,12570,5980,3580,1640,710,620,40
11417,15050,6020,4030,2220,1230,1380,170
11418,18000,8030,4650,2380,1250,1410,280
11419,24130,11870,6640,2930,1410,1170,110
11420,23560,9810,6520,3440,1790,1820,180
11421,20780,9120,5490,2950,1490,1570,160
11422,16640,5720,4530,2780,1590,1820,200
11423,15380,6100,4230,2220,1190,1310,330
11426,9280,3030,1880,1380,970,1650,370
11427,11980,4110,2830,1820,1210,1610,400
11428,10030,3710,2650,1530,930,1100,110
11429,13500,5140,3860,2110,1120,1190,80
11430,180,60,30,50,40,0,0
11432,28240,12800,7110,3540,1910,2200,680
11433,16780,7690,4820,2270,1050,880,70
11434,33200,12240,9770,5650,2820,2530,190
11435,26800,11400,7090,3880,2180,2030,220
11436,9790,3910,2830,1560,790,660,40
11501,11150,2800,2010,1770,1280,2420,870
11507,3860,930,550,450,360,900,670
11509,1300,290,160,150,110,280,310
11510,18570,5290,3550,2620,2040,3950,1120
11514,2560,630,470,410,290,570,190
11516,3280,920,540,350,290,680,500
11518,5730,1410,970,850,640,1290,570
11520,24410,9380,6120,3400,2020,2880,610
11530,14650,3270,1510,1400,1140,3080,4250
11542,13720,4710,2930,1820,1160,2130,970
11545,6010,1430,730,570,450,1140,1690
11548,700,220,120,80,40,140,100
11550,29230,13160,8190,3570,1830,2100,380
11552,13020,3730,2590,1820,1380,2530,970
11553,14770,6020,4280,2090,1120,1130,130
11554,19800,5190,3600,2830,2130,4600,1450
11557,4170,1030,550,460,370,870,890
11558,4310,1320,810,640,430,850,260
11559,3880,1190,550,410,310,530,890
11560,3380,910,480,370,240,620,760
11561,19520,4770,3150,2870,2410,4270,2050
11563,11610,2980,1860,1680,1360,2760,970
11565,4780,1030,650,580,510,1380,630
11566,18470,4310,2450,2110,1800,4580,3220
11568,1750,440,190,130,100,240,650
11570,14380,3550,1940,1670,1290,2910,3020
11572,16200,4160,2470,2040,1690,4060,1780
11575,9310,4000,2640,1310,650,660,50
11576,6390,1480,580,550,410,1100,2270
11577,5920,1340,760,640,550,1120,1510
11579,2640,650,340,300,260,570,520
11580,22430,6580,4730,3540,2550,4190,840
11581,11070,2930,1950,1530,1210,2460,990
11590,25980,9010,5960,3340,2170,3990,1510
11596,5470,1320,730,700,510,1330,880
11598,5770,1370,690,530,420,1160,1600
11691,23000,10680,6270,2920,1380,1400,350
11692,8890,3980,2400,1210,580,620,100
11693,5790,2190,1370,850,570,710,100
11694,8920,2570,1620,1260,890,1790,790
11697,2240,480,290,300,280,630,260
11701,15090,5220,4030,2190,1280,1830,540
11702,7820,1870,1170,990,810,1960,1020
11703,9430,2530,2050,1530,1130,1850,340
11704,21100,6230,4840,3370,2350,3690,620
11705,4170,1100,580,500,400,1040,550
11706,33100,11600,8740,4850,2830,4080,1000
11709,3550,930,560,430,360,820,450
11710,18080,4440,2770,2310,1810,4570,2180
11713,5490,1900,1260,800,520,760,250
11714,12420,3340,2240,1770,1390,2820,860
11715,2380,570,350,300,250,640,270
11716,5580,1510,1050,800,630,1220,370
11717,32470,13710,10680,4390,1960,1610,120
11718,1730,370,200,170,170,440,380
11719,1590,360,320,220,190,360,140
11720,14830,4230,3040,2070,1600,3120,770
11721,3350,760,410,340,320,820,700
11722,19450,7710,5820,2730,1470,1560,160
11724,1730,420,180,140,110,270,610
11725,14910,3820,2110,1730,1470,3810,1970
11726,11400,4540,3130,1570,860,1120,180
11727,14890,4160,3540,2410,1680,2680,420
11729,15230,4540,3310,2370,1680,2810,520
11730,7680,1990,1280,1030,790,1810,780
11731,15480,4100,2320,1870,1540,3810,1840
11732,1910,410,260,230,200,460,350
11733,8840,2150,1110,850,740,2100,1890
11735,17850,4910,3410,2580,1970,3820,1160
11738,8480,2500,1680,1220,950,1780,350
11740,4710,1280,660,540,430,1080,720
11741,14670,3820,2630,2200,1660,3500,860
11742,6960,1860,1290,1070,770,1530,440
11743,22470,5490,3270,2630,1940,4860,4280
11746,34150,10750,6380,4020,2850,6060,4090
11747,11220,2610,1540,1260,1010,2530,2270
11749,1870,560,450,320,180,300,60
11751,7950,2120,1510,1180,820,1680,640
11752,5390,1520,1050,790,600,1170,260
11753,6550,1500,740,610,550,1290,1860
11754,9740,2500,1570,1210,1020,2390,1050
11755,6360,1660,1120,900,660,1490,530
11756,23070,6220,4280,3440,2660,5360,1110
11757,23760,7150,5160,3690,2590,4380,790
11758,29480,7480,4590,3930,3040,7060,3380
11762,11920,2860,1620,1440,1190,3310,1500
11763,14800,4610,3240,2140,1580,2720,510
11764,6510,1680,940,700,610,1720,860
11765,330,60,40,40,20,50,120
11766,6170,1500,800,740,620,1620,890
11767,7300,1860,1100,910,690,1890,850
11768,11130,2770,1300,1170,970,2610,2310
11769,5120,1260,810,710,540,1340,460
11771,5210,1400,760,600,430,890,1130
11772,22980,6890,5380,3470,2490,3930,820
11776,12420,3750,2610,1640,1280,2540,600
11777,4810,1190,690,580,480,1110,760
11778,6270,1820,1160,900,720,1360,310
11779,19510,5390,4040,3020,2210,4100,750
11780,8020,2100,1160,930,710,1760,1360
11782,8140,2010,1250,1010,830,2040,1000
11783,11480,2700,1740,1480,1230,3120,1210
11784,12540,3880,2750,1980,1310,2290,330
11786,3200,860,460,310,270,810,490
11787,17690,4460,2420,2020,1720,4660,2410
11788,8830,2300,1340,1160,880,2170,980
11789,3760,990,740,600,460,820,150
11790,6900,1830,930,700,620,1740,1080
11791,12140,2830,1390,1200,960,2620,3140
11792,4380,1110,620,500,460,1130,560
11793,17010,4130,2370,2030,1810,4640,2030
11795,13240,3370,2040,1690,1320,3400,1420
11796,1950,490,320,240,220,520,160
11797,4580,1050,510,460,330,810,1420
11798,8810,3670,2510,1200,560,750,120
11801,22370,6980,4650,3230,2240,4300,970
11803,14440,3260,1760,1580,1300,3800,2740
11804,2510,550,290,270,240,630,530
11901,13150,5060,3440,1770,1060,1490,330
11933,3600,1090,760,490,370,680,210
11934,4060,1160,690,470,400,1000,340
11935,1890,510,330,240,180,390,240
11937,8950,2930,1870,1140,680,1330,1000
11939,540,170,90,70,60,100,50
11940,2800,790,500,330,280,650,250
11941,1440,390,220,180,140,380,130
11942,2560,740,440,340,260,500,280
11944,2350,780,570,280,180,360,180
11946,7630,2600,1690,1070,690,1150,430
11948,680,200,130,70,70,130,80
11949,7380,2180,1200,900,720,1690,690
11950,7860,2930,2020,1120,760,940,90
11951,6410,2310,1660,970,610,780,80
11952,2630,780,450,340,280,510,270
11953,6830,1950,1620,1100,770,1200,190
11954,2700,850,700,370,230,340,210
11955,1780,490,410,300,190,300,90
11957,450,110,70,50,50,100,70
11958,490,150,100,60,50,80,50
11961,7090,2070,1510,1120,810,1340,240
11963,3980,1090,730,500,380,720,560
11967,12930,4270,2980,2050,1360,2050,220
11968,5390,1710,1020,660,430,870,700
11971,3040,840,560,380,300,650,310
11976,1090,290,180,140,70,170,240
11977,1360,410,200,140,130,290,190
11978,1980,660,380,220,190,310,220
11980,2520,600,480,410,340,570,120
12008,230,50,40,40,30,70,0
12009,3810,940,700,570,470,880,250
12010,13390,5160,3630,1860,1170,1350,220
12015,1660,450,360,250,200,310,90
12017,180,60,60,0,20,40,0
12018,3990,1000,800,610,470,900,210
12019,8050,1830,1340,1150,1040,2100,590
12020,17010,4750,3690,2600,1880,3330,760
12022,420,140,100,70,50,60,0
12023,960,250,210,170,120,210,0
12025,2710,810,710,420,310,400,60
12027,2090,540,330,280,240,550,150
12028,600,190,150,100,80,80,0
12029,520,150,100,80,70,80,40
12031,100,40,30,30,0,0,0
12032,490,150,130,90,60,60,0
12033,4130,1070,870,630,490,890,180
12035,410,130,120,80,40,40,0
12037,1850,640,460,270,170,240,70
12041,260,60,50,60,30,60,0
12042,230,70,50,40,40,30,0
12043,3240,1140,830,490,330,380,70
12046,350,100,80,50,50,70,0
12047,10970,3450,2940,1780,1020,1450,330
12051,1830,570,470,290,190,260,50
12052,800,220,160,170,100,150,0
12053,2200,570,430,380,270,470,80
12054,9040,2050,1380,1250,1050,2360,950
12056,1150,280,240,170,140,270,50
12057,750,240,210,120,80,100,0
12058,680,220,160,120,80,100,0
12059,790,210,160,140,100,150,30
12060,660,180,120,110,90,120,40
12061,5040,1210,920,810,610,1150,340
12062,860,240,210,160,90,160,0
12063,280,70,60,40,30,60,20
12064,220,90,70,30,30,0,0
12065,22970,5820,4420,3430,2530,5180,1590
12066,950,250,240,170,130,160,0
12067,770,210,140,140,100,150,30
12068,1340,430,370,230,150,160,0
12070,680,180,180,120,80,90,30
12071,130,50,50,0,30,0,0
12072,1270,390,370,190,150,170,0
12074,1530,400,360,230,200,300,40
12075,1510,460,340,210,150,270,80
12076,580,200,130,100,70,80,0
12077,3350,780,550,450,340,880,350
12078,9860,4020,2810,1400,760,750,120
12083,1880,550,440,330,220,300,40
12084,2290,450,480,450,350,470,90
12085,190,60,70,30,30,0,0
12086,950,250,260,180,120,140,0
12087,600,180,150,100,60,110,0
12090,2700,920,730,410,280,320,40
12092,560,190,140,110,50,70,0
12093,700,260,190,100,60,90,0
12094,1120,320,280,180,140,200,0
12095,5700,1980,1660,890,510,590,70
12106,1330,340,270,230,150,260,80
12108,230,70,70,40,20,30,0
12110,10320,2660,2220,1710,1240,2020,470
12116,840,310,240,120,80,90,0
12117,1530,510,450,250,140,160,20
12118,8150,2290,1840,1260,820,1560,380
12120,280,90,60,40,40,50,0
12121,990,290,210,150,130,180,30
12122,1930,700,500,320,180,200,30
12123,2630,720,620,450,320,430,90
12125,760,260,210,120,70,70,30
12130,510,150,130,90,70,70,0
12134,1810,600,470,260,190,250,40
12136,440,130,70,70,50,80,40
12137,890,230,230,150,110,170,0
12138,1400,420,380,240,150,180,30
12139,130,40,20,40,0,30,0
12140,890,210,180,140,120,210,30
12143,2600,800,650,460,280,380,30
12144,10920,3130,2740,1940,1220,1600,290
12147,280,80,50,50,40,60,0
12148,2470,570,360,270,270,700,300
12149,1020,370,290,140,90,130,0
12150,450,130,100,80,60,80,0
12151,480,100,120,80,70,110,0
12153,470,110,100,70,60,110,20
12154,1480,390,340,260,170,280,40
12155,790,290,220,130,80,70,0
12156,440,100,100,80,60,100,0
12157,1880,560,460,330,200,300,30
12158,3250,840,690,530,390,640,160
12159,4490,1060,580,560,400,1070,820
12160,430,130,100,80,50,70,0
12164,280,100,70,40,30,40,0
12165,200,50,40,20,20,40,30
12166,650,200,190,130,60,70,0
12167,1110,440,280,170,100,120,0
12168,890,300,220,140,90,120,20
12169,170,50,40,20,20,40,0
12170,2590,780,610,400,300,430,70
12173,790,240,190,150,100,110,0
12175,360,110,100,60,50,40,0
12176,130,30,30,40,0,30,0
12180,23880,8470,6460,3580,2090,2780,500
12182,7230,2660,2070,1020,660,730,90
12183,1400,500,480,220,110,90,0
12184,3360,1000,680,480,400,630,170
12185,980,280,240,160,110,160,30
12186,3440,770,650,470,380,860,310
12187,380,130,110,50,30,60,0
12188,5950,1600,1500,990,680,990,190
12189,9360,3010,2870,1490,750,1020,220
12190,350,110,100,60,40,40,0
12192,780,260,210,110,80,120,0
12193,1050,290,260,180,140,160,20
12194,100,30,50,0,0,20,0
12196,1570,390,300,230,190,370,90
12197,1000,350,270,160,100,120,0
12198,4110,1090,820,710,500,800,190
12202,4360,2320,1400,390,140,110,0
12203,13660,3800,3320,2370,1460,2170,540
12204,3910,1090,1170,700,360,400,190
12205,14990,4230,3880,2740,1790,2120,230
12206,6910,3620,2010,660,280,300,40
12207,890,370,250,150,60,60,0
12208,10200,3030,2710,1720,1010,1430,300
12209,5310,1780,1670,900,480,430,50
12210,4820,2020,1550,650,280,250,70
12211,6090,1410,940,840,690,1340,870
12302,14380,3840,3100,2340,1710,2920,470
12303,15070,4970,3640,2120,1520,2280,540
12304,10450,4140,3010,1510,800,890,100
12305,2130,890,670,310,100,120,40
12306,14110,4270,3760,2360,1480,1970,270
12307,2900,1810,850,170,50,20,0
12308,6390,2690,1920,830,440,420,90
12309,15490,3560,2550,2230,1790,3880,1480
12401,16620,6240,4410,2270,1470,1820,410
12404,1680,570,360,230,160,270,90
12405,330,120,90,50,30,40,0
12406,310,140,80,50,0,40,0
12407,120,50,30,20,20,0,0
12409,490,170,90,70,40,70,50
12410,160,60,30,40,0,30,0
12411,260,70,70,40,40,40,0
12412,330,120,70,50,30,60,0
12413,1470,560,420,220,120,150,0
12414,4720,1730,1250,700,410,530,100
12416,100,40,30,30,0,0,0
12418,270,90,70,70,0,40,0
12419,340,100,80,40,40,80,0
12421,180,60,30,50,0,40,0
12422,140,50,30,40,0,20,0
12423,480,190,110,70,40,70,0
12424,100,30,40,0,30,0,0
12427,220,100,40,40,40,0,0
12428,2620,1130,620,360,210,260,40
12430,460,190,100,70,40,60,0
12431,710,230,170,110,90,110,0
12433,200,70,40,40,0,50,0
12434,330,140,90,50,30,20,0
12435,160,40,40,50,0,30,0
12439,180,80,40,20,20,20,0
12440,990,310,220,140,100,170,50
12442,460,200,100,60,40,60,0
12443,2020,530,380,330,240,440,100
12444,140,50,30,30,0,30,0
12446,2250,790,520,350,220,320,50
12449,1630,550,420,250,180,200,30
12451,890,300,240,140,90,120,0
12454,120,50,50,0,20,0,0
12455,750,290,180,120,60,100,0
12456,400,150,120,60,40,30,0
12457,310,120,60,40,30,60,0
12458,1060,370,290,170,110,120,0
12460,130,50,30,30,0,20,0
12461,770,260,170,120,80,110,30
12463,750,230,190,130,90,110,0
12464,440,180,90,70,40,60,0
12466,1560,480,360,270,170,240,40
12468,480,190,130,70,40,50,0
12469,320,100,70,60,40,50,0
12470,230,90,60,40,20,20,0
12472,880,300,210,140,100,130,0
12473,470,170,110,70,50,70,0
12474,540,190,130,80,50,60,30
12477,8950,3130,2180,1250,930,1220,240
12480,260,110,60,40,20,30,0
12481,670,210,150,100,80,100,30
12482,330,130,100,50,30,20,0
12484,1420,390,280,230,160,260,100
12485,490,200,130,60,40,60,0
12486,770,200,160,130,100,180,0
12487,1460,500,320,220,160,220,40
12491,1010,340,220,150,110,150,40
12492,110,50,0,30,0,30,0
12494,340,110,70,50,40,70,0
12495,130,50,0,40,0,40,0
12496,670,260,120,100,70,80,40
12498,2380,770,410,310,220,450,220
12501,1020,310,280,170,100,120,40
12502,480,130,110,90,40,80,30
12503,290,90,70,40,30,60,0
12508,8830,2600,2100,1410,950,1480,290
12513,560,150,120,90,70,100,30
12514,1350,380,200,150,180,330,110
12515,840,290,210,110,90,120,20
12516,760,250,190,110,80,110,20
12517,200,60,60,40,0,40,0
12518,3040,830,570,400,330,650,260
12520,1730,410,300,230,210,420,160
12521,740,230,200,100,70,110,30
12522,2300,740,610,350,220,320,60
12523,840,260,210,150,100,120,0
12524,8060,2060,1450,1300,1000,1780,470
12525,1800,530,380,260,190,330,110
12526,1800,550,430,260,200,280,80
12528,6950,2090,1500,1030,790,1260,280
12529,1170,380,280,150,120,150,90
12531,1590,420,280,200,180,370,140
12533,12900,3340,1960,1600,1390,3230,1380
12534,7760,2930,2120,1090,660,730,230
12538,6820,2070,1570,1020,770,1180,210
12540,3800,1010,560,430,400,960,440
12542,3010,860,660,450,350,550,140
12543,1590,490,420,280,190,210,0
12545,2160,570,450,300,220,400,220
12546,1410,470,350,210,140,170,70
12547,1550,500,330,220,160,270,70
12548,760,230,160,110,90,150,20
12549,5140,1480,920,740,550,1140,310
12550,26010,10040,6430,3350,2140,3300,750
12553,13290,4010,3060,1950,1450,2330,490
12561,7270,2310,1390,960,760,1410,440
12563,3630,1200,620,470,370,720,250
12564,3510,970,640,480,380,760,280
12565,740,280,210,120,70,60,0
12566,5120,1570,1080,740,600,940,190
12567,1310,430,300,190,140,190,60
12569,5140,1430,1010,780,560,1050,310
12570,3530,930,510,430,370,950,340
12571,4630,1360,910,650,490,910,310
12572,4490,1230,820,620,480,880,460
12575,1180,310,200,140,110,320,100
12577,1040,270,170,140,130,250,80
12578,1190,320,230,160,140,250,90
12580,1880,530,360,260,230,380,120
12581,1020,290,200,170,110,190,60
12582,2290,560,350,290,270,620,200
12583,1040,340,230,150,100,170,50
12585,430,120,60,60,40,110,40
12586,6250,2010,1350,940,640,1120,190
12589,6990,2350,1350,990,750,1280,270
12590,18870,5310,3840,2810,2270,3730,910
12592,540,150,150,100,50,90,0
12594,1980,580,490,320,210,330,50
12601,18450,7500,4890,2340,1430,1900,390
12603,21340,6070,4220,3100,2450,4330,1170
12701,4680,2100,1340,570,300,300,70
12719,440,140,100,70,60,70,0
12720,110,40,20,30,0,20,0
12721,2950,960,680,430,290,490,100
12723,740,270,180,100,60,100,30
12725,140,40,60,0,40,0,0
12726,480,150,100,80,50,100,0
12729,780,280,220,120,80,80,0
12732,380,130,80,60,40,70,0
12733,250,120,70,40,20,0,0
12734,560,190,200,70,40,60,0
12737,840,280,180,130,100,130,20
12738,120,40,30,30,20,0,0
12740,890,270,190,150,120,130,30
12741,150,60,50,0,40,0,0
12742,180,70,60,30,20,0,0
12743,130,50,20,40,0,20,0
12745,100,40,40,0,0,20,0
12746,570,220,130,100,40,80,0
12747,760,260,200,120,70,110,0
12748,930,310,240,130,80,140,30
12751,430,200,120,60,30,20,0
12752,150,40,50,40,0,20,0
12754,2770,1140,800,340,190,250,50
12758,1800,700,450,240,170,200,40
12759,680,350,170,60,40,60,0
12760,210,90,40,60,0,20,0
12762,260,80,80,40,30,30,0
12763,360,110,110,50,40,50,0
12764,760,270,180,110,70,110,20
12765,420,120,90,70,50,90,0
12766,170,70,40,30,30,0,0
12768,440,140,120,70,50,60,0
12771,6220,2410,1510,830,550,800,120
12775,1320,360,270,190,160,260,80
12776,840,290,210,130,70,120,20
12777,360,90,70,60,60,80,0
12779,990,390,330,100,70,70,30
12780,1110,390,220,160,150,190,0
12783,600,220,160,90,60,70,0
12786,300,110,70,50,20,50,0
12787,220,70,50,40,30,30,0
12788,970,350,250,150,90,130,0
12789,770,290,230,90,60,100,0
12790,2250,740,540,400,260,260,50
12791,330,100,80,60,40,50,0
12792,210,60,40,40,30,40,0
12801,7610,2900,2190,1090,640,670,120
12803,4420,1500,1190,710,490,500,30
12804,14080,4590,3130,1970,1400,2360,630
12808,180,50,30,60,0,40,0
12809,1630,560,400,280,170,190,30
12810,290,110,80,50,30,20,0
12814,900,330,200,110,80,130,50
12815,520,190,110,90,50,80,0
12816,2080,680,530,330,240,260,40
12817,1170,360,290,200,140,150,30
12819,130,50,60,0,20,0,0
12821,140,40,40,30,30,0,0
12822,2890,1000,820,480,300,270,20
12823,160,50,40,30,40,0,0
12824,440,140,100,60,50,70,20
12827,1890,610,500,320,220,220,20
12828,4760,1640,1370,710,480,510,50
12831,8750,2580,1720,1210,970,1840,430
12832,2830,1100,740,440,250,270,30
12833,2290,730,470,320,240,390,140
12834,3280,1040,800,490,360,500,90
12835,1310,430,330,210,150,190,0
12836,290,110,70,40,20,50,0
12837,370,130,100,60,40,40,0
12838,350,120,100,60,30,40,0
12839,6380,2480,1870,970,520,500,40
12842,610,210,160,90,70,80,0
12843,270,100,80,30,20,40,0
12844,140,30,20,40,0,50,0
12845,2660,970,570,330,260,380,150
12846,1620,590,410,270,150,170,30
12847,350,120,80,60,40,50,0
12849,300,110,70,50,30,40,0
12850,1420,400,320,200,160,270,70
12851,150,50,50,20,30,0,0
12852,210,60,50,30,30,40,0
12853,660,260,190,80,50,80,0
12855,120,40,30,20,30,0,0
12857,260,90,70,40,30,30,0
12859,1010,300,250,160,120,160,20
12860,380,160,110,50,30,30,0
12861,290,100,60,50,30,50,0
12863,360,100,80,50,40,90,0
12865,1600,580,420,250,170,150,30
12866,19990,5430,3840,2690,2130,3920,1980
12870,870,340,220,130,80,80,20
12871,1980,640,460,340,210,280,50
12873,390,120,110,60,40,60,0
12878,320,130,80,50,40,20,0
12883,2270,870,560,350,210,240,40
12885,2120,870,580,300,180,170,20
12886,130,70,20,20,0,20,0
12887,2150,790,620,320,230,190,0
12901,14300,5280,3940,1930,1250,1580,320
12903,870,190,210,210,110,130,20
12910,750,250,220,110,90,80,0
12912,980,340,300,170,90,80,0
12913,540,170,150,80,60,80,0
12914,330,130,90,50,30,30,0
12916,930,330,290,150,80,80,0
12917,590,220,140,100,70,60,0
12918,1170,340,300,200,140,190,0
12919,1580,550,420,250,180,180,0
12920,1050,360,270,180,100,140,0
12921,1290,450,310,170,150,180,30
12923,250,90,70,40,30,20,0
12926,880,350,250,150,70,60,0
12928,880,300,240,150,80,110,0
12930,300,120,90,40,30,20,0
12932,620,210,170,90,60,70,20
12934,430,160,110,80,40,40,0
12935,670,220,200,100,80,70,0
12936,310,110,70,50,30,50,0
12937,550,230,150,80,40,50,0
12941,630,200,160,110,70,90,0
12942,320,100,60,50,30,80,0
12943,210,70,50,30,20,40,0
12944,1820,680,510,270,170,170,20
12945,330,120,70,60,40,40,0
12946,2720,930,730,390,220,310,140
12950,380,160,100,50,40,30,0
12952,260,90,80,50,40,0,0
12953,4770,1860,1190,730,440,470,80
12955,150,50,40,30,30,0,0
12956,520,180,160,90,50,40,0
12957,680,260,220,100,60,40,0
12958,820,270,220,130,90,110,0
12959,620,220,190,90,60,60,0
12960,510,170,150,80,40,70,0
12961,100,30,40,0,30,0,0
12962,2660,760,640,450,310,440,60
12965,210,90,50,30,40,0,0
12966,1240,460,360,200,120,100,0
12967,450,170,110,70,50,50,0
12969,180,60,50,30,40,0,0
12970,170,50,50,40,30,0,0
12972,3120,990,660,510,350,530,80
12974,650,230,190,110,70,50,0
12978,180,50,50,40,40,0,0
12979,1190,410,300,170,140,150,20
12980,550,210,160,80,50,50,0
12981,1120,330,310,180,140,160,0
12983,3590,1240,940,500,350,440,120
12985,490,170,140,80,50,50,0
12986,2640,810,720,550,250,280,30
12987,120,50,30,20,20,0,0
12989,450,120,120,80,60,70,0
12992,2370,800,670,360,230,310,0
12993,760,250,190,120,80,100,20
12996,930,320,260,160,90,100,0
12997,600,210,160,90,60,80,0
12998,230,100,60,40,30,0,0
13021,18510,7000,4590,2670,1760,2080,410
13026,620,170,160,100,80,90,20
13027,17290,4890,3680,2650,1840,3350,880
13028,580,190,150,110,70,60,0
13029,3520,990,740,540,400,680,170
13030,1990,610,550,300,230,250,50
13031,8590,2430,1840,1420,940,1590,370
13032,5960,2080,1590,950,590,650,100
13033,1730,550,450,300,200,230,0
13034,850,230,210,160,100,150,0
13035,3900,1130,610,510,420,810,420
13036,4200,1370,1120,640,470,530,70
13037,4470,1370,1110,640,480,740,130
13039,9000,2570,1780,1360,1000,1880,410
13040,1180,410,330,220,100,120,0
13041,5760,1490,1230,960,740,1160,180
13042,1030,350,270,180,110,120,0
13044,1210,360,330,200,130,160,30
13045,11380,4180,2990,1690,1000,1300,220
13052,850,300,210,160,70,110,0
13053,2210,750,540,300,200,350,70
13054,690,220,190,120,80,80,0
13057,7780,2500,2070,1230,790,1020,170
13060,1370,430,380,220,140,180,20
13061,500,120,130,90,60,80,20
13063,880,240,190,150,90,180,30
13066,6660,1710,1070,850,650,1460,920
13068,2590,800,670,430,280,350,60
13069,10670,4100,2840,1590,980,1020,140
13071,460,160,110,70,60,60,0
13072,370,130,120,60,30,30,0
13073,3040,990,820,480,330,370,50
13074,1850,680,490,280,180,220,0
13076,1080,310,310,170,130,160,0
13077,3310,1110,860,530,350,400,60
13078,4620,1200,740,540,490,950,700
13080,1670,510,430,280,190,230,30
13081,510,150,120,80,60,100,0
13082,2280,770,590,340,240,310,30
13083,800,270,190,140,90,110,0
13084,2210,600,520,380,240,380,90
13088,11920,3640,3410,2100,1210,1370,190
13090,15650,4670,3720,2480,1720,2610,450
13092,1120,380,320,160,130,130,0
13101,1230,430,360,210,120,110,0
13103,130,60,40,30,0,0,0
13104,7730,2050,1110,890,700,1740,1240
13108,3150,890,630,430,350,690,160
13110,1150,310,260,190,150,190,50
13111,700,270,190,120,60,60,0
13112,960,300,210,160,100,160,30
13114,2980,1020,710,460,300,420,70
13116,1760,520,420,280,220,290,30
13118,2350,760,620,390,260,290,30
13120,1090,430,310,170,100,80,0
13122,530,170,120,90,60,90,0
13126,14260,5190,3230,2040,1470,1900,430
13131,1740,600,460,300,170,190,20
13132,1940,640,500,300,210,260,30
13135,3070,1060,750,470,320,390,80
13136,190,80,50,30,30,0,0
13140,1980,720,570,310,200,180,0
13141,330,120,90,50,30,40,0
13142,2840,1030,650,440,310,340,70
13143,1160,430,300,180,120,130,0
13144,540,210,150,80,50,50,0
13145,840,320,200,130,90,100,0
13146,890,340,240,160,80,70,0
13147,490,150,140,80,60,60,0
13148,4980,1860,1290,720,440,580,90
13152,4120,1110,630,540,420,840,580
13155,280,90,90,40,30,30,0
13156,810,250,180,140,110,130,0
13158,650,230,190,110,60,60,0
13159,2580,730,570,360,290,490,140
13160,950,280,260,170,100,120,20
13164,1280,390,240,180,150,280,40
13165,5050,2000,1370,780,430,420,50
13166,2580,840,710,420,280,300,30
13167,1630,550,440,250,160,210,20
13202,1980,1040,430,230,90,110,80
13203,6420,3280,1820,640,250,310,120
13204,7940,4210,2360,790,310,220,50
13205,7110,3730,2030,740,330,250,30
13206,8360,3370,2810,1120,580,440,40
13207,5980,2470,1740,830,450,400,90
13208,9380,4940,2790,960,410,280,0
13209,6850,2440,1970,1070,630,660,80
13210,6180,2990,1520,690,370,490,120
13211,3290,1290,1170,500,210,120,0
13212,10650,3440,3070,1860,1070,1090,120
13214,3750,1140,750,540,440,720,160
13215,7260,2060,1280,920,770,1680,550
13219,8270,2430,1980,1440,990,1270,160
13224,4190,1530,970,540,330,560,260
13302,660,290,180,90,50,50,0
13303,570,170,140,90,70,100,0
13304,900,270,190,130,80,180,50
13308,1550,550,440,250,150,160,0
13309,2640,960,690,430,270,260,30
13310,300,120,80,40,30,30,0
13314,200,70,60,30,40,0,0
13315,610,220,170,80,70,70,0
13316,2830,960,840,450,270,280,30
13317,1670,570,480,270,160,190,0
13318,610,190,200,80,60,80,0
13319,450,180,120,80,30,40,0
13320,940,330,260,160,80,110,0
13322,520,160,140,80,50,90,0
13323,4860,1440,1030,730,560,840,260
13324,910,300,260,160,90,100,0
13325,420,160,110,70,40,40,0
13326,2530,790,540,350,250,350,250
13327,980,320,270,200,100,90,0
13328,540,170,140,90,50,90,0
13329,1610,610,450,270,150,130,0
13331,130,40,30,30,0,30,0
13332,1140,420,320,180,110,110,0
13334,550,190,170,70,50,70,0
13335,730,290,180,110,70,80,0
13337,400,130,90,50,40,60,30
13338,610,210,180,100,60,60,0
13339,2620,1050,770,390,180,230,0
13340,3800,1350,1040,570,380,400,60
13343,780,260,220,130,80,90,0
13346,1920,520,410,280,210,360,140
13348,640,230,170,110,50,80,0
13350,3910,1570,1070,560,320,350,40
13354,1580,470,390,270,190,240,20
13355,400,140,110,60,40,50,0
13357,4680,1800,1340,700,390,410,40
13360,230,100,50,30,20,30,0
13361,280,90,80,40,40,30,0
13363,1100,360,290,170,120,140,20
13365,3760,1440,990,550,360,360,60
13367,3610,1260,940,580,380,380,70
13368,520,190,140,90,50,50,0
13402,650,220,220,90,50,70,0
13403,2580,840,570,360,290,430,90
13406,250,90,70,40,30,20,0
13407,2410,850,720,390,240,210,0
13408,1110,380,300,180,110,140,0
13409,1120,410,310,170,120,110,0
13411,1350,530,390,200,120,110,0
13413,7740,2140,1550,1180,850,1440,580
13416,1000,300,260,190,110,140,0
13417,1720,590,580,270,130,130,20
13420,850,320,180,110,90,110,40
13421,6190,2340,1670,870,550,640,120
13424,1120,360,270,190,120,160,20
13425,890,330,250,150,70,90,0
13428,620,230,180,90,50,70,0
13431,900,260,230,150,100,160,0
13433,720,310,200,110,60,40,0
13437,190,70,50,40,30,0,0
13438,1670,500,420,310,190,220,30
13439,1680,590,500,250,160,150,30
13440,18170,6540,5050,2690,1690,1960,240
13450,120,40,30,30,20,0,0
13452,1890,730,560,280,160,160,0
13454,330,100,90,70,50,20,0
13456,2030,640,460,300,220,350,60
13459,950,320,280,160,100,90,0
13460,2120,820,600,320,190,160,30
13461,1620,500,360,270,190,270,30
13464,520,210,170,80,30,30,0
13468,240,80,50,50,30,30,0
13469,400,120,90,70,50,70,0
13470,310,110,100,60,40,0,0
13471,1370,540,390,220,110,110,0
13473,330,100,90,60,40,40,0
13476,1630,580,400,280,150,190,30
13477,610,210,180,100,50,70,0
13478,1490,480,410,260,160,180,0
13480,1580,550,420,250,160,180,20
13483,130,60,30,20,20,0,0
13485,500,200,130,80,50,40,0
13486,420,140,110,70,40,60,0
13488,130,50,40,20,20,0,0
13489,300,100,80,50,30,40,0
13490,730,220,190,140,80,100,0
13491,1670,560,480,270,160,170,30
13492,5960,1740,1420,890,710,1010,190
13493,830,290,250,150,70,70,0
13494,160,60,50,30,20,0,0
13495,1060,370,320,190,100,80,0
13501,15500,7880,4200,1530,800,890,200
13502,14360,6150,4000,1880,1110,1070,150
13601,16150,6460,4430,2220,1290,1430,320
13603,3580,670,1740,720,280,170,0
13605,1960,690,460,330,180,270,30
13606,1240,410,320,210,120,180,0
13607,1000,410,220,140,100,100,30
13608,620,220,170,110,70,50,0
13612,1200,380,320,230,110,160,0
13613,1040,390,280,160,100,110,0
13614,120,60,30,30,0,0,0
13616,810,300,290,130,50,40,0
13617,3860,1200,960,610,440,540,110
13618,920,330,220,140,100,130,0
13619,4140,1440,1210,670,370,400,50
13620,890,310,260,140,90,90,0
13621,270,110,60,50,30,20,0
13622,1070,360,260,180,100,150,20
13624,2190,780,490,350,220,290,60
13625,880,260,210,160,110,140,0
13626,930,310,260,140,100,120,0
13630,520,190,150,90,50,40,0
13634,1840,610,430,300,210,260,30
13635,430,140,120,80,50,40,0
13636,140,50,40,20,30,0,0
13637,2040,660,780,310,140,150,0
13638,150,60,50,20,20,0,0
13640,240,70,40,30,30,50,20
13642,3420,1300,870,520,350,340,40
13646,880,370,210,110,90,100,0
13648,960,300,250,190,100,120,0
13650,590,210,160,90,50,80,0
13652,770,290,220,120,70,70,0
13654,840,290,240,140,90,80,0
13655,1600,790,450,190,80,90,0
13656,1170,460,330,170,110,100,0
13658,1040,320,310,200,100,110,0
13659,230,70,60,50,20,30,0
13660,850,300,230,130,90,100,0
13661,660,220,180,110,70,80,0
13662,7020,2800,1780,1020,640,680,100
13664,250,80,50,40,20,60,0
13665,360,140,110,50,30,30,0
13667,1390,540,400,200,130,120,0
13668,1450,490,370,240,170,180,0
13669,6270,2320,1550,1000,570,730,100
13670,130,50,40,40,0,0,0
13672,320,110,100,50,40,20,0
13673,940,360,270,130,90,90,0
13676,4850,1700,1140,710,470,680,150
13679,840,330,200,120,80,110,0
13680,440,150,130,80,40,40,0
13681,340,130,90,60,30,30,0
13682,430,140,110,70,50,60,0
13684,490,170,140,90,40,50,0
13685,1150,310,270,210,130,190,40
13687,230,70,60,40,30,30,0
13690,340,130,80,60,30,40,0
13691,1280,460,330,200,140,150,0
13693,260,80,60,50,30,40,0
13694,710,220,170,120,70,110,20
13696,100,40,20,20,20,0,0
13697,920,350,240,160,80,90,0
13730,1270,470,330,220,130,120,0
13731,480,160,110,80,60,70,0
13732,3760,1140,760,530,470,730,130
13733,2290,830,620,380,200,260,0
13734,1020,370,300,150,110,90,0
13736,1080,380,300,170,100,130,0
13739,430,160,130,60,40,40,0
13740,230,90,40,30,20,50,0
13743,1680,570,460,270,170,210,0
13744,520,190,120,80,70,60,0
13746,1240,410,320,210,120,180,0
13748,1830,680,420,310,190,200,30
13750,480,190,140,70,30,50,0
13751,110,50,30,30,0,0,0
13752,320,110,90,60,30,30,0
13753,1880,680,480,270,180,230,40
13754,1330,550,330,190,120,140,0
13755,580,210,170,90,60,50,0
13756,220,80,70,40,30,0,0
13757,480,170,120,70,50,70,0
13760,21250,7650,5120,3040,2020,2800,620
13775,770,280,200,110,80,100,0
13776,340,120,80,60,40,40,0
13777,370,130,100,50,40,50,0
13778,2670,880,700,470,270,300,50
13780,480,150,130,90,60,50,0
13782,310,110,70,60,30,40,0
13783,1000,410,250,150,80,110,0
13786,160,40,50,50,0,20,0
13787,1490,580,410,230,140,130,0
13788,420,140,120,70,30,60,0
13790,8490,3500,2340,1240,650,640,120
13795,1790,660,490,270,170,170,30
13796,600,230,160,70,70,70,0
13797,910,330,280,130,80,90,0
13801,540,220,140,100,40,40,0
13802,390,130,110,60,40,50,0
13803,1920,700,520,340,180,180,0
13804,200,60,60,50,0,30,0
13807,620,230,160,80,60,90,0
13808,750,280,190,110,80,90,0
13809,680,240,210,110,60,60,0
13810,540,200,140,80,60,60,0
13811,1970,670,540,300,200,230,30
13812,1010,360,260,170,110,110,0
13813,410,170,110,40,50,40,0
13815,5990,2340,1560,870,500,590,130
13820,7900,2990,1960,1150,710,910,180
13825,1570,570,420,280,140,140,20
13827,5290,1900,1250,790,540,670,140
13830,2090,750,550,360,200,200,30
13832,250,100,80,50,0,20,0
13833,1950,710,550,290,190,180,30
13835,610,220,180,100,50,60,0
13838,1950,800,520,280,160,190,0
13839,620,230,180,90,60,60,0
13841,220,100,60,30,30,0,0
13842,180,60,40,30,30,20,0
13843,750,270,210,110,80,80,0
13844,360,140,100,60,30,30,0
13846,160,60,50,20,30,0,0
13849,2030,760,550,300,200,190,30
13850,9940,3000,1950,1450,1130,1740,670
13856,2630,1030,730,390,240,210,30
13861,300,100,70,50,40,40,0
13862,1850,670,480,300,180,220,0
13863,190,90,40,30,30,0,0
13864,520,190,160,80,50,40,0
13865,2700,930,700,440,300,290,40
13901,8570,3500,1960,1140,750,1030,190
13903,8460,3330,2060,1150,710,930,280
13904,4150,1670,1150,630,300,350,50
13905,10720,4600,2650,1440,790,990,250
14001,4760,1480,1180,780,520,700,100
14004,5410,1660,1210,900,680,860,100
14005,960,310,250,170,110,120,0
14006,4750,1600,1240,800,500,550,60
14008,710,250,180,120,70,90,0
14009,2600,870,730,430,270,260,40
14011,2880,870,760,510,340,370,30
14012,1120,390,280,200,110,140,0
14013,700,290,180,100,60,70,0
14020,10220,4090,2630,1440,900,1020,140
14024,710,230,190,120,80,90,0
14025,1570,420,370,250,200,280,50
14026,460,140,110,70,50,90,0
14028,730,220,180,130,80,120,0
14030,700,210,210,110,80,90,0
14031,5090,1540,940,640,490,910,570
14032,4450,1280,570,460,470,1040,630
14033,1190,290,250,200,140,260,50
14034,860,270,240,150,100,100,0
14036,2360,730,590,390,290,320,40
14037,600,190,130,100,60,120,0
14040,1080,340,240,190,130,160,20
14042,1710,650,490,290,150,130,0
14043,13060,4160,3730,2240,1410,1400,120
14047,3180,970,800,510,360,460,80
14048,6330,2820,1790,760,480,430,50
14051,10470,2790,1440,1080,1090,2690,1380
14052,9100,2630,1680,1230,970,1950,640
14054,640,190,180,110,70,90,0
14055,710,220,160,130,90,110,0
14057,4080,1210,870,610,490,780,120
14058,1000,290,260,180,130,140,0
14059,5040,1390,970,710,630,1040,300
14060,200,70,60,40,30,0,0
14062,1550,560,410,260,160,160,0
14063,5000,1730,1100,750,540,740,140
14065,800,290,230,150,80,50,0
14066,470,160,130,90,40,50,0
14067,2470,830,650,380,280,300,30
14068,3570,1020,570,440,360,870,310
14069,450,140,100,70,50,90,0
14070,2290,860,630,380,200,200,20
14072,11010,3140,2080,1530,1320,2300,640
14075,22870,6920,5090,3420,2600,4050,790
14080,2130,600,500,340,280,360,50
14081,1290,490,370,210,90,110,20
14082,250,70,60,50,40,30,0
14085,3950,1040,670,560,560,970,150
14086,18150,5170,3640,2580,2100,3930,730
14091,570,200,160,80,70,60,0
14092,5800,1730,1180,850,740,1020,280
14094,25000,8770,6370,3710,2540,3130,480
14098,1390,510,380,220,140,140,0
14101,830,340,200,140,80,70,0
14102,650,190,130,100,90,140,0
14103,4890,1900,1370,750,430,400,40
14105,2180,790,540,350,250,220,30
14108,2830,950,740,450,320,330,40
14111,1570,520,400,250,190,190,20
14113,380,110,90,80,40,60,0
14120,22840,7430,5780,3410,2420,3280,520
14125,1690,530,470,310,170,190,20
14127,15990,4400,2860,2080,1660,3380,1610
14129,630,210,180,110,60,70,0
14131,2640,900,630,420,290,350,50
14132,2940,970,700,460,320,440,50
14134,150,60,40,20,30,0,0
14136,2310,870,590,340,250,230,30
14138,810,280,240,150,70,70,0
14139,1200,350,250,210,140,200,50
14141,3630,1150,970,560,400,480,70
14143,640,190,170,110,90,80,0
14145,790,230,220,120,100,120,0
14150,21920,7210,6030,3760,2420,2300,200
14167,780,240,210,160,70,100,0
14170,1240,320,270,210,170,220,50
14171,960,320,260,170,100,110,0
14172,1600,530,350,240,190,250,40
14174,2930,880,620,430,340,510,150
14201,4790,2430,1320,470,240,250,80
14202,1770,610,460,180,120,200,200
14203,890,320,210,140,80,110,30
14204,3440,1860,900,340,180,160,0
14206,9260,4180,2930,1180,570,400,0
14207,9810,5570,2930,790,320,200,0
14208,3870,2220,1100,340,120,90,0
14209,3480,1310,970,480,210,300,210
14210,6310,3020,1970,750,370,200,0
14211,8810,5510,2320,630,210,140,0
14212,4330,2540,1160,370,160,100,0
14213,9450,5210,2720,840,330,300,50
14214,7740,3280,1920,910,540,790,300
14215,16760,8860,4940,1690,690,530,50
14216,11180,3570,3220,1830,980,1230,350
14217,11760,3770,3270,1970,1220,1360,170
14218,8940,3960,2580,1240,630,500,30
14219,6130,2160,1730,1020,640,540,40
14220,11770,4290,3540,1770,1050,1050,70
14221,27690,7640,4690,3710,3250,6030,2370
14222,5950,1670,1570,900,490,820,500
14223,12350,3760,3050,2160,1490,1680,210
14224,21870,6660,5280,3570,2670,3320,370
14225,18030,6330,5670,2970,1700,1280,80
14226,14770,4490,3310,2200,1500,2370,900
14227,12050,3940,3420,2020,1350,1240,80
14228,9620,3360,2200,1300,940,1430,390
14301,4950,2810,1380,420,190,150,0
14303,2410,1340,680,220,90,80,0
14304,15060,5510,4200,2310,1390,1500,150
14305,7180,3400,1920,820,480,490,70
14411,5330,2040,1520,790,510,420,50
14414,3440,1130,830,530,330,540,80
14416,1890,600,440,310,250,270,20
14418,560,200,140,100,50,70,0
14420,8020,2750,1900,1170,890,1180,130
14422,1080,330,280,180,120,170,0
14423,2320,670,640,380,300,290,40
14424,13900,4560,3190,2020,1350,2160,620
14425,6100,1850,1430,1020,650,1010,140
14427,940,330,250,150,120,90,0
14428,4510,1320,1040,710,510,820,110
14432,2570,840,680,450,260,310,30
14433,1990,720,610,300,180,160,20
14435,1450,410,330,250,170,240,50
14437,4370,1560,1160,740,440,420,50
14441,170,60,60,30,0,20,0
14445,4030,1430,1280,680,320,270,50
14450,21910,5900,3890,3000,2410,5040,1670
14454,3060,920,620,470,350,580,120
14456,8940,3500,2430,1230,700,890,190
14462,290,90,80,50,30,40,0
14464,3390,1120,950,520,380,380,40
14466,840,280,190,130,110,130,0
14467,4840,1500,1220,800,540,670,110
14468,9510,2710,2150,1470,1240,1650,290
14469,2900,920,710,440,300,450,80
14470,3750,1270,1090,590,410,350,40
14471,1350,430,350,210,160,170,30
14472,4410,1230,710,540,420,980,530
14475,210,70,40,40,0,60,0
14476,1040,340,280,170,100,130,20
14477,760,270,190,120,70,110,0
14478,420,120,90,70,50,90,0
14480,460,170,120,70,50,50,0
14481,890,270,250,170,100,100,0
14482,4140,1400,1080,630,430,520,80
14485,2010,690,460,310,210,300,40
14486,160,40,40,50,0,30,0
14487,3010,960,670,430,350,510,90
14489,3170,1180,950,490,280,250,20
14502,5230,1620,1130,790,590,970,130
14504,890,330,270,150,70,70,0
14505,2600,850,660,410,340,310,30
14506,630,160,80,70,60,180,80
14507,650,230,170,110,70,70,0
14510,2220,900,600,320,220,180,0
14512,2260,850,530,360,210,250,60
14513,6490,2510,1860,990,570,500,60
14514,3080,880,770,460,350,540,80
14516,1050,350,280,190,100,110,20
14517,1310,490,350,180,130,160,0
14519,6070,1750,1380,910,730,1100,200
14521,1240,420,380,210,100,100,30
14522,4440,1550,1210,690,440,480,70
14525,1320,420,340,240,170,150,0
14526,10740,2870,1890,1440,1170,2520,850
14527,5760,2170,1520,820,530,570,150
14530,2460,880,670,430,240,210,30
14532,2150,670,610,380,220,240,30
14533,760,240,200,140,90,90,0
14534,16370,3980,1850,1630,1640,4160,3110
14536,300,110,70,60,30,30,0
14541,1050,350,300,160,90,120,30
14543,1700,440,320,270,220,350,100
14544,900,300,250,160,70,90,30
14546,2490,730,660,410,280,330,80
14548,1920,660,520,300,190,220,30
14550,740,250,220,120,80,70,0
14551,2520,970,730,390,230,170,30
14555,460,140,110,70,50,70,20
14559,9160,2680,2000,1380,1070,1650,380
14560,960,290,260,160,110,140,0
14561,1310,400,380,210,160,160,0
14564,8090,2240,1310,1000,740,1800,1000
14568,3080,840,690,490,410,580,70
14569,2870,1020,760,450,280,320,40
14571,630,250,150,90,50,90,0
14572,2240,830,630,350,200,230,0
14580,27940,7910,5440,4000,3180,5750,1660
14585,130,50,40,20,20,0,0
14586,5570,1560,1230,910,710,1050,110
14589,3780,1260,930,610,390,490,100
14590,2290,890,620,350,230,170,30
14591,800,260,190,160,100,90,0
14604,1100,370,310,180,80,90,70
14605,4090,2760,1040,180,50,60,0
14606,13300,5660,4090,1850,910,740,50
14607,8190,2750,2960,1260,430,550,240
14608,4790,2850,1280,380,130,130,20
14609,20040,8330,6240,2860,1320,1170,120
14610,7610,1920,1780,1200,760,1220,730
14611,6600,4120,1800,450,120,110,0
14612,18230,5640,4840,2740,1980,2560,470
14613,5580,3240,1610,420,160,150,0
14614,230,70,70,50,0,20,20
14615,7880,3220,2730,1000,490,410,30
14616,14930,5470,4690,2420,1220,1030,100
14617,12300,3690,2840,1960,1500,2020,290
14618,10540,2580,1630,1470,1080,2330,1450
14619,6570,3030,2170,810,300,230,30
14620,10600,3570,3400,1660,780,950,240
14621,12370,7400,3680,830,280,160,20
14622,6720,2080,1950,1220,710,650,110
14623,9490,3340,2730,1720,870,770,60
14624,19770,5910,5090,3460,2240,2730,340
14625,5650,1500,1080,860,680,1160,370
14626,15920,5100,4140,2480,1730,2070,400
14701,16250,7500,4100,2080,1200,1190,180
14706,2800,1010,610,390,270,410,110
14709,660,270,160,110,60,60,0
14710,1630,600,400,270,150,180,30
14711,700,260,190,130,50,70,0
14712,1540,550,290,220,140,260,80
14714,170,60,40,30,20,20,0
14715,1130,480,290,170,100,90,0
14716,950,400,270,130,90,60,0
14717,320,120,90,50,30,30,0
14718,900,310,220,160,100,110,0
14719,1460,530,410,260,140,120,0
14723,550,200,150,90,60,50,0
14724,1030,380,260,170,120,100,0
14726,410,170,130,60,50,0,0
14727,2300,900,570,330,220,240,40
14728,450,160,110,70,50,60,0
14729,400,130,120,70,40,40,0
14731,760,240,170,110,70,130,40
14733,1790,720,520,270,140,140,0
14735,1030,410,270,150,110,90,0
14736,260,90,60,40,30,40,0
14737,1720,690,440,270,170,150,0
14738,1640,580,440,290,170,160,0
14739,1120,490,330,150,80,70,0
14740,530,180,150,90,70,40,0
14741,920,340,240,130,80,130,0
14743,800,320,200,130,80,70,0
14744,440,160,100,90,50,40,0
14747,970,380,270,170,80,70,0
14748,290,120,90,30,30,20,0
14750,2380,810,530,340,230,350,120
14753,490,210,130,80,40,30,0
14754,270,80,90,40,30,30,0
14755,1190,460,350,190,90,100,0
14757,1430,530,360,210,140,160,30
14760,8130,3520,1950,1110,670,710,170
14767,720,280,210,110,50,70,0
14769,410,180,110,50,40,30,0
14770,1320,490,360,220,120,130,0
14772,1650,610,450,270,150,150,20
14775,1110,460,310,190,90,60,0
14777,300,120,80,40,30,30,0
14779,2950,1350,890,340,200,140,30
14781,960,400,230,160,90,80,0
14782,930,340,240,170,100,80,0
14784,420,160,120,70,40,30,0
14787,2200,900,520,310,230,210,30
14801,2220,860,560,360,220,220,0
14802,380,150,80,40,40,70,0
14803,540,200,120,80,50,90,0
14804,620,200,160,90,80,90,0
14805,510,150,140,90,60,70,0
14806,980,390,220,150,110,110,0
14807,1360,450,350,240,140,160,20
14808,270,130,60,40,40,0,0
14809,1080,400,300,180,100,100,0
14810,5020,2060,1250,750,450,470,40
14812,1480,550,380,240,150,160,0
14813,1030,390,270,160,100,110,0
14814,1020,300,170,180,100,210,60
14815,420,140,110,60,40,70,0
14816,330,120,70,60,30,50,0
14817,1290,420,350,210,130,180,0
14818,900,280,230,170,90,110,20
14819,290,140,70,40,40,0,0
14820,270,100,60,60,30,20,0
14821,1510,530,370,260,160,170,20
14822,470,170,140,80,40,40,0
14823,1620,580,440,270,160,150,20
14824,330,110,100,60,40,20,0
14825,390,140,110,70,30,40,0
14826,890,320,230,150,90,100,0
14830,9500,3280,2110,1490,920,1220,480
14836,450,130,120,90,50,60,0
14837,2170,880,530,340,190,200,30
14838,890,320,220,160,80,110,0
14839,300,110,90,40,30,30,0
14840,1500,490,330,200,180,220,80
14841,430,140,120,50,40,80,0
14842,360,120,90,60,40,50,0
14843,5640,2340,1450,790,500,490,70
14845,10150,3160,2270,1560,1110,1590,460
14846,300,110,90,40,30,30,0
14847,1110,370,320,180,120,120,0
14850,22800,7080,5380,2990,1930,3590,1830
14853,180,120,40,0,20,0,0
14855,380,140,120,50,40,30,0
14858,720,240,140,150,80,110,0
14859,520,180,140,100,50,50,0
14860,490,170,140,80,50,50,0
14861,610,220,180,100,50,60,0
14864,540,220,150,80,40,50,0
14865,1150,440,290,170,110,120,20
14867,2700,960,770,410,260,270,30
14869,610,230,150,100,60,70,0
14870,4500,1380,840,690,470,780,340
14871,2100,610,430,370,280,350,60
14872,250,100,80,30,20,20,0
14873,1030,380,300,160,110,80,0
14874,110,50,40,0,20,0,0
14877,200,80,50,50,0,20,0
14878,310,120,70,50,30,40,0
14879,960,380,220,160,110,90,0
14880,670,250,170,120,70,60,0
14881,130,40,40,20,30,0,0
14882,1920,530,430,310,210,330,110
14883,1900,660,520,320,190,180,30
14884,170,60,40,30,40,0,0
14885,280,120,80,40,40,0,0
14886,3320,1040,780,500,350,530,120
14889,690,250,200,100,80,60,0
14891,2070,810,510,300,210,200,40
14892,3610,1460,950,520,310,310,60
14894,650,250,170,100,70,60,0
14895,3970,1620,950,590,350,400,60
14897,350,140,80,50,40,40,0
14898,600,250,170,80,40,60,0
14901,5250,2650,1330,620,320,290,40
14903,3620,1270,910,550,320,410,160
14904,6750,3060,1940,910,480,360,0
14905,4260,1360,920,670,460,660,190
99999,88790,29760,19520,11940,7650,11500,8420
